Date-Time,Temp√©rature (K)
2023-10-01 00:00:00,247.42938655261682
2023-10-01 01:00:00,247.5316536308632
2023-10-01 02:00:00,247.678918223538
2023-10-01 03:00:00,247.8534540370785
2023-10-01 04:00:00,248.01571780122944
2023-10-01 05:00:00,248.07162380400413
2023-10-01 06:00:00,248.02662628957574
2023-10-01 07:00:00,247.9448126269786
2023-10-01 08:00:00,247.74982339778884
2023-10-01 09:00:00,247.5575612906856
2023-10-01 10:00:00,247.4048424538377
2023-10-01 11:00:00,247.39529752653468
2023-10-01 12:00:00,247.46074845661238
2023-10-01 13:00:00,247.58892319468117
2023-10-01 14:00:00,247.736187787356
2023-10-01 15:00:00,247.84390910977552
2023-10-01 16:00:00,247.82481925516953
2023-10-01 17:00:00,247.688463150841
2023-10-01 18:00:00,247.54937992442592
2023-10-01 19:00:00,247.53029006981993
2023-10-01 20:00:00,247.62573934284987
2023-10-01 21:00:00,247.58210538946474
2023-10-01 22:00:00,247.25076005594644
2023-10-01 23:00:00,247.68300890666785
2023-10-02 00:00:00,249.46109250711177
2023-10-02 01:00:00,250.69238812919832
2023-10-02 02:00:00,251.67278851932036
2023-10-02 03:00:00,252.47592597381535
2023-10-02 04:00:00,253.2177031813625
2023-10-02 05:00:00,253.4467814366344
2023-10-02 06:00:00,253.57495617470323
2023-10-02 07:00:00,253.7999437468453
2023-10-02 08:00:00,254.06311102819933
2023-10-02 09:00:00,254.33582323685638
2023-10-02 10:00:00,254.06447458924262
2023-10-02 11:00:00,254.0576567840262
2023-10-02 12:00:00,253.9458447784768
2023-10-02 13:00:00,254.30582489390412
2023-10-02 14:00:00,255.0148766364124
2023-10-02 15:00:00,255.31349650489187
2023-10-02 16:00:00,255.45530685339352
2023-10-02 17:00:00,255.43758055983082
2023-10-02 18:00:00,255.37076606870986
2023-10-02 19:00:00,255.24531845272762
2023-10-02 20:00:00,255.25759050211718
2023-10-02 21:00:00,255.1825946447365
2023-10-02 22:00:00,255.17304971743349
2023-10-02 23:00:00,254.87170272686745
2023-10-03 00:00:00,254.61398968968655
2023-10-03 01:00:00,254.1585603012293
2023-10-03 02:00:00,253.43860007037472
2023-10-03 03:00:00,252.66818808091858
2023-10-03 04:00:00,252.01640590222823
2023-10-03 05:00:00,251.61824607758896
2023-10-03 06:00:00,251.3646237235379
2023-10-03 07:00:00,251.21463200877653
2023-10-03 08:00:00,251.0891843927943
2023-10-03 09:00:00,250.99373511976432
2023-10-03 10:00:00,251.0319148289763
2023-10-03 11:00:00,251.01282497437032
2023-10-03 12:00:00,250.85465189334926
2023-10-03 13:00:00,250.59284817303848
2023-10-03 14:00:00,250.29968254873216
2023-10-03 15:00:00,250.10878400267222
2023-10-03 16:00:00,250.0106076075557
2023-10-03 17:00:00,249.935611750175
2023-10-03 18:00:00,249.9274303839153
2023-10-03 19:00:00,249.8906142357466
2023-10-03 20:00:00,249.7624394976778
2023-10-03 21:00:00,249.53745192553575
2023-10-03 22:00:00,249.27837532731155
2023-10-03 23:00:00,249.30291942609068
2023-10-04 00:00:00,249.44472977459233
2023-10-04 01:00:00,249.74607676515836
2023-10-04 02:00:00,250.03106102320498
2023-10-04 03:00:00,250.01469829068554
2023-10-04 04:00:00,249.67517159090755
2023-10-04 05:00:00,249.24974054540257
2023-10-04 06:00:00,248.85430784284983
2023-10-04 07:00:00,248.43433104151802
2023-10-04 08:00:00,248.0293534116623
2023-10-04 09:00:00,247.66255549101857
2023-10-04 10:00:00,247.4212051863571
2023-10-04 11:00:00,247.14167517248364
2023-10-04 12:00:00,247.10349546327166
2023-10-04 13:00:00,247.06395219301638
2023-10-04 14:00:00,246.9685029199864
2023-10-04 15:00:00,246.89350706260572
2023-10-04 16:00:00,246.86623584174
2023-10-04 17:00:00,246.89896130677886
2023-10-04 18:00:00,246.89214350156243
2023-10-04 19:00:00,246.8689629638266
2023-10-04 20:00:00,246.82123832731162
2023-10-04 21:00:00,246.71760768802193
2023-10-04 22:00:00,246.68215510089652
2023-10-04 23:00:00,246.4817116275336
2023-10-05 00:00:00,246.18309175905412
2023-10-05 01:00:00,245.9103795503971
2023-10-05 02:00:00,245.71402676016402
2023-10-05 03:00:00,245.5790342168788
2023-10-05 04:00:00,245.37177293829944
2023-10-05 05:00:00,245.08406155816624
2023-10-05 06:00:00,244.78816881177337
2023-10-05 07:00:00,244.5372735798089
2023-10-05 08:00:00,244.30819532453697
2023-10-05 09:00:00,244.07093570300535
2023-10-05 10:00:00,243.55823675073012
2023-10-05 11:00:00,243.37006532675676
2023-10-05 12:00:00,243.19552951321626
2023-10-05 13:00:00,243.06462765306088
2023-10-05 14:00:00,242.95554276959805
2023-10-05 15:00:00,242.95554276959805
2023-10-05 16:00:00,243.02917506593545
2023-10-05 17:00:00,243.16962185339383
2023-10-05 18:00:00,243.3100686408522
2023-10-05 19:00:00,243.42188064640158
2023-10-05 20:00:00,243.447788306224
2023-10-05 21:00:00,243.45051542831058
2023-10-05 22:00:00,243.47369596604642
2023-10-05 23:00:00,243.47096884395987
2023-10-06 00:00:00,243.12189721687884
2023-10-06 01:00:00,242.59692621521404
2023-10-06 02:00:00,243.79413281121845
2023-10-06 03:00:00,246.05764414307188
2023-10-06 04:00:00,247.68300890666785
2023-10-06 05:00:00,249.03157077847692
2023-10-06 06:00:00,249.89606847991973
2023-10-06 07:00:00,250.4619463128831
2023-10-06 08:00:00,251.00191648602404
2023-10-06 09:00:00,251.2569024011184
2023-10-06 10:00:00,251.8841404810296
2023-10-06 11:00:00,252.3150257707077
2023-10-06 12:00:00,252.78136364751123
2023-10-06 13:00:00,253.3281516258686
2023-10-06 14:00:00,254.27582655095182
2023-10-06 15:00:00,255.16623191221706
2023-10-06 16:00:00,255.32167787115156
2023-10-06 17:00:00,255.58893583563548
2023-10-06 18:00:00,255.89846419246123
2023-10-06 19:00:00,256.1343602529496
2023-10-06 20:00:00,256.2025383051138
2023-10-06 21:00:00,256.036183857833
2023-10-06 22:00:00,255.43758055983082
2023-10-06 23:00:00,255.21395654873206
2023-10-07 00:00:00,254.84852218913161
2023-10-07 01:00:00,254.51308617248344
2023-10-07 02:00:00,254.2867350392981
2023-10-07 03:00:00,253.97584312142908
2023-10-07 04:00:00,254.11901703097402
2023-10-07 05:00:00,254.06038390611278
2023-10-07 06:00:00,253.70176735172876
2023-10-07 07:00:00,253.1917955215401
2023-10-07 08:00:00,252.93544604540247
2023-10-07 09:00:00,252.6668245198753
2023-10-07 10:00:00,252.50047007259448
2023-10-07 11:00:00,252.32048001488084
2023-10-07 12:00:00,252.09685600378208
2023-10-07 13:00:00,251.89641253041913
2023-10-07 14:00:00,251.84868789390416
2023-10-07 15:00:00,252.1309450298642
2023-10-07 16:00:00,252.4731988517288
2023-10-07 17:00:00,253.0158961469563
2023-10-07 18:00:00,253.52995866027481
2023-10-07 19:00:00,254.0740195165456
2023-10-07 20:00:00,254.37263938502508
2023-10-07 21:00:00,254.58944559090742
2023-10-07 22:00:00,254.58944559090742
2023-10-07 23:00:00,254.53899383230586
2023-10-08 00:00:00,254.55262944273872
2023-10-08 01:00:00,254.71898389001953
2023-10-08 02:00:00,254.99033253763326
2023-10-08 03:00:00,255.17032259534693
2023-10-08 04:00:00,255.15259630178423
2023-10-08 05:00:00,255.48121451321595
2023-10-08 06:00:00,256.09754410478087
2023-10-08 07:00:00,256.89931799823256
2023-10-08 08:00:00,257.169303084803
2023-10-08 09:00:00,256.9265892190983
2023-10-08 10:00:00,256.2884426508408
2023-10-08 11:00:00,256.4247987551693
2023-10-08 12:00:00,256.4834318800306
2023-10-08 13:00:00,256.7220550626055
2023-10-08 14:00:00,257.0397647856909
2023-10-08 15:00:00,257.10385215472536
2023-10-08 16:00:00,257.13248693663434
2023-10-08 17:00:00,257.46110514806605
2023-10-08 18:00:00,257.7460894061127
2023-10-08 19:00:00,257.7460894061127
2023-10-08 20:00:00,258.08970678902057
2023-10-08 21:00:00,258.56831671521365
2023-10-08 22:00:00,258.7414889677109
2023-10-08 23:00:00,258.832847557611
2023-10-09 00:00:00,258.6814922818063
2023-10-09 01:00:00,258.45786827070754
2023-10-09 02:00:00,258.3515105093313
2023-10-09 03:00:00,258.2710604077775
2023-10-09 04:00:00,258.2792417740372
2023-10-09 05:00:00,258.32560284950887
2023-10-09 06:00:00,258.3719639249806
2023-10-09 07:00:00,258.37469104706713
2023-10-09 08:00:00,258.3542376314179
2023-10-09 09:00:00,258.38559953541346
2023-10-09 10:00:00,258.4715038811404
2023-10-09 11:00:00,258.5614989099972
2023-10-09 12:00:00,258.5274098839151
2023-10-09 13:00:00,258.43741485505825
2023-10-09 14:00:00,258.48786661365983
2023-10-09 15:00:00,258.73330760145114
2023-10-09 16:00:00,259.13010386504715
2023-10-09 17:00:00,259.53508149490284
2023-10-09 18:00:00,259.71916223574635
2023-10-09 19:00:00,259.69189101488064
2023-10-09 20:00:00,259.7382520903524
2023-10-09 21:00:00,259.97687527292726
2023-10-09 22:00:00,260.4691208095532
2023-10-09 23:00:00,260.6763820881326
2023-10-10 00:00:00,260.7827398495088
2023-10-10 01:00:00,260.76364999490283
2023-10-10 02:00:00,260.5700243267563
2023-10-10 03:00:00,260.4445767107741
2023-10-10 04:00:00,260.44184958868755
2023-10-10 05:00:00,260.50048271354876
2023-10-10 06:00:00,260.5495709111071
2023-10-10 07:00:00,260.5536615942369
2023-10-10 08:00:00,260.5113912018951
2023-10-10 09:00:00,260.4541216380771
2023-10-10 10:00:00,260.36685373130683
2023-10-10 11:00:00,260.1936814788096
2023-10-10 12:00:00,259.7832496047808
2023-10-10 13:00:00,259.588260375591
2023-10-10 14:00:00,259.7082537474001
2023-10-10 15:00:00,259.7737046774778
2023-10-10 16:00:00,259.6237129627164
2023-10-10 17:00:00,259.4696305648252
2023-10-10 18:00:00,259.42736017248336
2023-10-10 19:00:00,259.3864533411848
2023-10-10 20:00:00,259.4491771491759
2023-10-10 21:00:00,259.5855332535044
2023-10-10 22:00:00,259.5378086169894
2023-10-10 23:00:00,259.47917549212815
2023-10-11 00:00:00,259.3087303617175
2023-10-11 01:00:00,259.0101104932381
2023-10-11 02:00:00,258.54240905539126
2023-10-11 03:00:00,258.08834322797725
2023-10-11 04:00:00,257.8797183883546
2023-10-11 05:00:00,257.8238123855799
2023-10-11 06:00:00,257.86744633896507
2023-10-11 07:00:00,257.9778947834712
2023-10-11 08:00:00,258.1047059604967
2023-10-11 09:00:00,258.1906103062237
2023-10-11 10:00:00,258.0842525448474
2023-10-11 11:00:00,258.2028823556132
2023-10-11 12:00:00,258.34332914307157
2023-10-11 13:00:00,258.39650802375974
2023-10-11 14:00:00,258.32560284950887
2023-10-11 15:00:00,258.2124272829162
2023-10-11 16:00:00,258.1169780098862
2023-10-11 17:00:00,258.06516269024144
2023-10-11 18:00:00,258.05289064085184
2023-10-11 19:00:00,258.0842525448474
2023-10-11 20:00:00,258.1728840126609
2023-10-11 21:00:00,258.2710604077775
2023-10-11 22:00:00,258.26560616360433
2023-10-11 23:00:00,258.26424260256107
2023-10-12 00:00:00,258.2533341142148
2023-10-12 01:00:00,258.23560782065204
2023-10-12 02:00:00,258.1906103062237
2023-10-12 03:00:00,258.1210686930161
2023-10-12 04:00:00,258.0024388822503
2023-10-12 05:00:00,257.94380575738904
2023-10-12 06:00:00,257.9547142457353
2023-10-12 07:00:00,257.9738041003413
2023-10-12 08:00:00,257.98880327181746
2023-10-12 09:00:00,258.01062024851
2023-10-12 10:00:00,257.99425751599057
2023-10-12 11:00:00,257.84017511809935
2023-10-12 12:00:00,257.6970012085544
2023-10-12 13:00:00,257.6410952057797
2023-10-12 14:00:00,257.68609272020814
2023-10-12 15:00:00,257.7351809177664
2023-10-12 16:00:00,257.74745296715594
2023-10-12 17:00:00,257.6724571097753
2023-10-12 18:00:00,257.59200700822146
2023-10-12 19:00:00,257.5592815431826
2023-10-12 20:00:00,257.6315502784767
2023-10-12 21:00:00,257.75972501654553
2023-10-12 22:00:00,257.8769912662681
2023-10-12 23:00:00,257.8619920947919
2023-10-13 00:00:00,257.86608277792175
2023-10-13 01:00:00,257.84835648435904
2023-10-13 02:00:00,257.79245048158435
2023-10-13 03:00:00,257.7419987229828
2023-10-13 04:00:00,257.7160910631604
2023-10-13 05:00:00,257.7529072113291
2023-10-13 06:00:00,257.82244882453665
2023-10-13 07:00:00,257.8551742895755
2023-10-13 08:00:00,257.84835648435904
2023-10-13 09:00:00,257.8633556558352
2023-10-13 10:00:00,257.81426745827696
2023-10-13 11:00:00,257.9751676613846
2023-10-13 12:00:00,258.2342442596088
2023-10-13 13:00:00,258.47695812531356
2023-10-13 14:00:00,258.69240077015263
2023-10-13 15:00:00,258.99102063863205
2023-10-13 16:00:00,259.2500972368563
2023-10-13 17:00:00,259.49144754151774
2023-10-13 18:00:00,259.6850732096642
2023-10-13 19:00:00,259.8473369738152
2023-10-13 20:00:00,259.9550582962347
2023-10-13 21:00:00,259.97687527292726
2023-10-13 22:00:00,259.93869556371527
2023-10-13 23:00:00,260.09005083951996
2023-10-14 00:00:00,260.26731377514704
2023-10-14 01:00:00,260.3423096325277
2023-10-14 02:00:00,260.2945849960127
2023-10-14 03:00:00,260.1827729904633
2023-10-14 04:00:00,259.9782388339706
2023-10-14 05:00:00,259.6346214510627
2023-10-14 06:00:00,259.2473701147697
2023-10-14 07:00:00,259.00056556593506
2023-10-14 08:00:00,258.95556805150665
2023-10-14 09:00:00,259.0251096647142
2023-10-14 10:00:00,258.880572194126
2023-10-14 11:00:00,258.96511297880966
2023-10-14 12:00:00,258.9487502462902
2023-10-14 13:00:00,258.8151212640483
2023-10-14 14:00:00,258.6474032557242
2023-10-14 15:00:00,258.43741485505825
2023-10-14 16:00:00,258.2328806985655
2023-10-14 17:00:00,258.0842525448474
2023-10-14 18:00:00,257.98880327181746
2023-10-14 19:00:00,257.92607946382634
2023-10-14 20:00:00,257.87562770522476
2023-10-14 21:00:00,257.83199375183966
2023-10-14 22:00:00,257.7938140426277
2023-10-14 23:00:00,257.8360844349695
2023-10-15 00:00:00,257.81017677514706
2023-10-15 01:00:00,257.67109354873196
2023-10-15 02:00:00,257.4215618778108
2023-10-15 03:00:00,257.14748610811046
2023-10-15 04:00:00,256.83659419024144
2023-10-15 05:00:00,256.42888943829917
2023-10-15 06:00:00,255.98573209923148
2023-10-15 07:00:00,255.71847413474757
2023-10-15 08:00:00,255.55484680955334
2023-10-15 09:00:00,255.38031099601284
2023-10-15 10:00:00,255.12259795883193
2023-10-15 11:00:00,254.87579340999733
2023-10-15 12:00:00,254.6098990065567
2023-10-15 13:00:00,254.4735429022282
2023-10-15 14:00:00,254.44763524240577
2023-10-15 15:00:00,254.51172261144018
2023-10-15 16:00:00,254.6112625676
2023-10-15 17:00:00,254.58808202986415
2023-10-15 18:00:00,254.4885420737043
2023-10-15 19:00:00,254.42990894884306
2023-10-15 20:00:00,254.47899714640133
2023-10-15 21:00:00,254.63717022742242
2023-10-15 22:00:00,254.58944559090742
2023-10-15 23:00:00,254.60580832342686
2023-10-16 00:00:00,254.40400128902064
2023-10-16 01:00:00,254.02493131898734
2023-10-16 02:00:00,253.7058580348586
2023-10-16 03:00:00,253.56541124740022
2023-10-16 04:00:00,253.47405265750012
2023-10-16 05:00:00,253.39769323907615
2023-10-16 06:00:00,253.31451601543574
2023-10-16 07:00:00,253.16997854484754
2023-10-16 08:00:00,252.94908165583533
2023-10-16 09:00:00,252.66818808091858
2023-10-16 10:00:00,252.67773300822157
2023-10-16 11:00:00,252.5618303195423
2023-10-16 12:00:00,252.48274377903178
2023-10-16 13:00:00,252.5291048545035
2023-10-16 14:00:00,252.77045515916495
2023-10-16 15:00:00,252.98998848713387
2023-10-16 16:00:00,253.081347077034
2023-10-16 17:00:00,253.08407419912055
2023-10-16 18:00:00,252.97226219357117
2023-10-16 19:00:00,253.05680297825486
2023-10-16 20:00:00,252.96544438835474
2023-10-16 21:00:00,252.86726799323822
2023-10-16 22:00:00,253.1522522512848
2023-10-16 23:00:00,252.55637607536917
2023-10-17 00:00:00,251.3564423572782
2023-10-17 01:00:00,249.9942448750363
2023-10-17 02:00:00,249.1911074205413
2023-10-17 03:00:00,249.06293268247248
2023-10-17 04:00:00,249.43654840833264
2023-10-17 05:00:00,250.12105605206182
2023-10-17 06:00:00,250.93646555594637
2023-10-17 07:00:00,251.81459886782204
2023-10-17 08:00:00,252.49365226737805
2023-10-17 09:00:00,252.81408911255008
2023-10-17 10:00:00,252.75409242664554
2023-10-17 11:00:00,252.72409408369327
2023-10-17 12:00:00,252.65864315361557
2023-10-17 13:00:00,252.64228042109616
2023-10-17 14:00:00,252.703640668044
2023-10-17 15:00:00,252.84817813863222
2023-10-17 16:00:00,252.9259011180995
2023-10-17 17:00:00,252.96408082731145
2023-10-17 18:00:00,252.9981698533936
2023-10-17 19:00:00,253.00498765861002
2023-10-17 20:00:00,253.04725805095185
2023-10-17 21:00:00,253.04725805095185
2023-10-17 22:00:00,252.9586265831383
2023-10-17 23:00:00,252.73772969412613
2023-10-18 00:00:00,252.5250141713736
2023-10-18 01:00:00,252.306844404448
2023-10-18 02:00:00,252.1391263961239
2023-10-18 03:00:00,252.07912971021935
2023-10-18 04:00:00,252.11730941943134
2023-10-18 05:00:00,252.22094005872103
2023-10-18 06:00:00,252.35865972409283
2023-10-18 07:00:00,252.40911148269439
2023-10-18 08:00:00,252.38184026182867
2023-10-18 09:00:00,252.34638767470327
2023-10-18 10:00:00,252.32729782009727
2023-10-18 11:00:00,252.1036738089985
2023-10-18 12:00:00,251.87050487059673
2023-10-18 13:00:00,251.59506553985312
2023-10-18 14:00:00,251.4478009471783
2023-10-18 15:00:00,251.54325022020828
2023-10-18 16:00:00,251.61960963863226
2023-10-18 17:00:00,252.04504068413723
2023-10-18 18:00:00,252.5250141713736
2023-10-18 19:00:00,252.4077479216511
2023-10-18 20:00:00,252.18003322742246
2023-10-18 21:00:00,252.19912308202845
2023-10-18 22:00:00,252.00686097492525
2023-10-18 23:00:00,252.17321542220603
2023-10-19 00:00:00,252.55637607536917
2023-10-19 01:00:00,252.9245375570562
2023-10-19 02:00:00,253.3554228467343
2023-10-19 03:00:00,253.0799835159907
2023-10-19 04:00:00,252.8877214088875
2023-10-19 05:00:00,252.7854543306411
2023-10-19 06:00:00,252.67773300822157
2023-10-19 07:00:00,252.5441040259796
2023-10-19 08:00:00,252.5072878778109
2023-10-19 09:00:00,252.59046510145131
2023-10-19 10:00:00,252.45138187503622
2023-10-19 11:00:00,252.4909251452915
2023-10-19 12:00:00,252.5550125143259
2023-10-19 13:00:00,252.57001168580203
2023-10-19 14:00:00,252.4050207995645
2023-10-19 15:00:00,252.20185020411503
2023-10-19 16:00:00,252.0736754660462
2023-10-19 17:00:00,251.919593068155
2023-10-19 18:00:00,251.7164224727055
2023-10-19 19:00:00,251.570521441074
2023-10-19 20:00:00,251.50643407203958
2023-10-19 21:00:00,251.45870943552458
2023-10-19 22:00:00,251.44643738613502
2023-10-19 23:00:00,251.3468974299752
2023-10-20 00:00:00,251.22281337503625
2023-10-20 01:00:00,251.04282331732261
2023-10-20 02:00:00,250.72784071632373
2023-10-20 03:00:00,250.39513182176213
2023-10-20 04:00:00,250.16469000544694
2023-10-20 05:00:00,250.08969414806626
2023-10-20 06:00:00,250.06378648824384
2023-10-20 07:00:00,250.00378980233927
2023-10-20 08:00:00,249.95879228791085
2023-10-20 09:00:00,249.91515833452573
2023-10-20 10:00:00,249.2620125947921
2023-10-20 11:00:00,249.24837698435928
2023-10-20 12:00:00,249.33564489112953
2023-10-20 13:00:00,249.56745026848802
2023-10-20 14:00:00,249.73789539889867
2023-10-20 15:00:00,249.8183455004525
2023-10-20 16:00:00,249.8810693084436
2023-10-20 17:00:00,249.935611750175
2023-10-20 18:00:00,250.17150781066334
2023-10-20 19:00:00,250.2233231303082
2023-10-20 20:00:00,250.27513844995303
2023-10-20 21:00:00,250.4633098739264
2023-10-20 22:00:00,250.67057115250574
2023-10-20 23:00:00,250.6378456874669
2023-10-21 00:00:00,250.43740221410397
2023-10-21 01:00:00,250.34604362420387
2023-10-21 02:00:00,250.35831567359344
2023-10-21 03:00:00,250.11832892997523
2023-10-21 04:00:00,249.67380802986426
2023-10-21 05:00:00,249.01793516804406
2023-10-21 06:00:00,248.31024698657905
2023-10-21 07:00:00,247.65437412475887
2023-10-21 08:00:00,247.17030995439262
2023-10-21 09:00:00,246.83351037670118
2023-10-21 10:00:00,246.5526168017844
2023-10-21 11:00:00,246.3058122529498
2023-10-21 12:00:00,246.09036960811073
2023-10-21 13:00:00,245.4958569932384
2023-10-21 14:00:00,244.74453485838825
2023-10-21 15:00:00,243.92094398824398
2023-10-21 16:00:00,243.03599287115188
2023-10-21 17:00:00,242.75509929623513
2023-10-21 18:00:00,242.81645954318296
2023-10-21 19:00:00,243.0059945281996
2023-10-21 20:00:00,243.117806533749
2023-10-21 21:00:00,243.05780984784445
2023-10-21 22:00:00,243.13689638835498
2023-10-21 23:00:00,242.56147362808863
2023-10-22 00:00:00,241.8537854466236
2023-10-22 01:00:00,241.39835605816634
2023-10-22 02:00:00,241.12837097159587
2023-10-22 03:00:00,241.3765390814738
2023-10-22 04:00:00,241.13927945994214
2023-10-22 05:00:00,240.16024263086337
2023-10-22 06:00:00,239.11848199379347
2023-10-22 07:00:00,238.7380484627169
2023-10-22 08:00:00,238.6562348001198
2023-10-22 09:00:00,238.50215240222857
2023-10-22 10:00:00,238.7857730992319
2023-10-22 11:00:00,238.52260581787783
2023-10-22 12:00:00,238.14353584784456
2023-10-22 13:00:00,237.6621987995649
2023-10-22 14:00:00,237.16586257980907
2023-10-22 15:00:00,236.7567942668235
2023-10-22 16:00:00,236.5168075232053
2023-10-22 17:00:00,236.50998971798887
2023-10-22 18:00:00,236.70497894717866
2023-10-22 19:00:00,237.02677935339398
2023-10-22 20:00:00,237.42902986116312
2023-10-22 21:00:00,237.76037519468142
2023-10-22 22:00:00,238.02217891499217
2023-10-22 23:00:00,238.16262570245055
2023-10-23 00:00:00,238.30034536782236
2023-10-23 01:00:00,238.42852010589115
2023-10-23 02:00:00,238.58942030899883
2023-10-23 03:00:00,238.9316741308634
2023-10-23 04:00:00,239.35846873741167
2023-10-23 05:00:00,239.8275337363018
2023-10-23 06:00:00,240.1670604360798
2023-10-23 07:00:00,240.46840742664583
2023-10-23 08:00:00,240.74657387947602
2023-10-23 09:00:00,241.00974116083006
2023-10-23 10:00:00,241.51016806371572
2023-10-23 11:00:00,241.7528819294205
2023-10-23 12:00:00,241.86060325184002
2023-10-23 13:00:00,241.87696598435946
2023-10-23 14:00:00,241.87151174018632
2023-10-23 15:00:00,241.88787447270573
2023-10-23 16:00:00,241.99014155095213
2023-10-23 17:00:00,242.08831794606866
2023-10-23 18:00:00,242.1933121464016
2023-10-23 19:00:00,242.2410367829166
2023-10-23 20:00:00,242.22876473352704
2023-10-23 21:00:00,242.1387697046702
2023-10-23 22:00:00,242.1019535565015
2023-10-23 23:00:00,241.99695935616856
2023-10-24 00:00:00,241.8169692984549
2023-10-24 01:00:00,241.5319850404083
2023-10-24 02:00:00,241.3833568866902
2023-10-24 03:00:00,241.26745419801097
2023-10-24 04:00:00,241.20745751210643
2023-10-24 05:00:00,241.12291672742273
2023-10-24 06:00:00,241.10382687281674
2023-10-24 07:00:00,241.133825215769
2023-10-24 08:00:00,241.0820098961242
2023-10-24 09:00:00,241.03019457647935
2023-10-24 10:00:00,241.17745916915413
2023-10-24 11:00:00,241.2742720032274
2023-10-24 12:00:00,241.34245005539165
2023-10-24 13:00:00,241.26336351488112
2023-10-24 14:00:00,241.15700575350485
2023-10-24 15:00:00,241.0792827740376
2023-10-24 16:00:00,240.9620165243151
2023-10-24 17:00:00,240.803843443294
2023-10-24 18:00:00,240.6183991414072
2023-10-24 19:00:00,240.3702310315293
2023-10-24 20:00:00,240.04570350322743
2023-10-24 21:00:00,239.6407258733717
2023-10-24 22:00:00,239.43619171687894
2023-10-24 23:00:00,238.7953180265349
2023-10-25 00:00:00,238.23762155983124
2023-10-25 01:00:00,238.35625137059705
2023-10-25 02:00:00,239.17575155761145
2023-10-25 03:00:00,239.8629863234272
2023-10-25 04:00:00,240.06070267470355
2023-10-25 05:00:00,240.24614697659035
2023-10-25 06:00:00,240.25432834285004
2023-10-25 07:00:00,240.10024594495883
2023-10-25 08:00:00,240.09070101765582
2023-10-25 09:00:00,240.45886249934284
2023-10-25 10:00:00,240.98656062309422
2023-10-25 11:00:00,241.0697378467346
2023-10-25 12:00:00,241.02064964917633
2023-10-25 13:00:00,240.8202061758134
2023-10-25 14:00:00,240.7833900276447
2023-10-25 15:00:00,240.81475193164027
2023-10-25 16:00:00,240.803843443294
2023-10-25 17:00:00,240.63612543496993
2023-10-25 18:00:00,240.35659542109644
2023-10-25 19:00:00,240.29932585727846
2023-10-25 20:00:00,240.52158630733396
2023-10-25 21:00:00,240.6279440687102
2023-10-25 22:00:00,240.41522854595772
2023-10-25 23:00:00,240.1970587790321
2023-10-26 00:00:00,240.1411527762574
2023-10-26 01:00:00,240.20796726737836
2023-10-26 02:00:00,240.26387327015306
2023-10-26 03:00:00,240.28023600267247
2023-10-26 04:00:00,240.25296478180678
2023-10-26 05:00:00,240.1943316569455
2023-10-26 06:00:00,240.1397892152141
2023-10-26 07:00:00,240.077065407223
2023-10-26 08:00:00,239.98979750045274
2023-10-26 09:00:00,239.87662193386006
2023-10-26 10:00:00,239.74162939057481
2023-10-26 11:00:00,239.74162939057481
2023-10-26 12:00:00,239.74026582953152
2023-10-26 13:00:00,239.80708032065252
2023-10-26 14:00:00,239.95843559645718
2023-10-26 15:00:00,240.07024760200656
2023-10-26 16:00:00,240.02388652653485
2023-10-26 17:00:00,239.85753207925407
2023-10-26 18:00:00,239.69526831510314
2023-10-26 19:00:00,239.6216360187657
2023-10-26 20:00:00,239.46346293774462
2023-10-26 21:00:00,239.33256107758925
2023-10-26 22:00:00,239.57936562642388
2023-10-26 23:00:00,239.52482318469248
2023-10-27 00:00:00,239.11166418857707
2023-10-27 01:00:00,238.43942859423746
2023-10-27 02:00:00,237.95263730178465
2023-10-27 03:00:00,237.46311888724523
2023-10-27 04:00:00,237.0417785248701
2023-10-27 05:00:00,236.71861455761152
2023-10-27 06:00:00,236.36817936948722
2023-10-27 07:00:00,236.15682740777802
2023-10-27 08:00:00,236.21682409368256
2023-10-27 09:00:00,236.43090317747834
2023-10-27 10:00:00,236.73634085117422
2023-10-27 11:00:00,237.18767955650162
2023-10-27 12:00:00,237.696287825647
2023-10-27 13:00:00,238.15308077514754
2023-10-27 14:00:00,238.4544277657136
2023-10-27 15:00:00,238.7762281719289
2023-10-27 16:00:00,238.9957614998978
2023-10-27 17:00:00,238.89758510478129
2023-10-27 18:00:00,238.80077227070802
2023-10-27 19:00:00,238.97394452320526
2023-10-27 20:00:00,239.21120414473688
2023-10-27 21:00:00,239.71981241388227
2023-10-27 22:00:00,240.46704386560253
2023-10-27 23:00:00,241.4392628894649
2023-10-28 00:00:00,242.0760458966791
2023-10-28 01:00:00,242.314669079254
2023-10-28 02:00:00,242.3869378145481
2023-10-28 03:00:00,242.46875147714525
2023-10-28 04:00:00,242.55056513974233
2023-10-28 05:00:00,242.37466576515857
2023-10-28 06:00:00,241.92332705983114
2023-10-28 07:00:00,241.36153990999765
2023-10-28 08:00:00,240.72612046382673
2023-10-28 09:00:00,239.9925246225393
2023-10-28 10:00:00,239.06393955206207
2023-10-28 11:00:00,238.36579629790003
2023-10-28 12:00:00,237.94581949656822
2023-10-28 13:00:00,237.8367346131054
2023-10-28 14:00:00,237.94718305761148
2023-10-28 15:00:00,238.13671804262813
2023-10-28 16:00:00,238.33170727181792
2023-10-28 17:00:00,238.51306089057485
2023-10-28 18:00:00,238.67805177681237
2023-10-28 19:00:00,238.8116807590543
2023-10-28 20:00:00,238.84304266304986
2023-10-28 21:00:00,238.71486792498106
2023-10-28 22:00:00,238.64259918968696
2023-10-28 23:00:00,238.6371449455138
2023-10-29 00:00:00,238.7189586081109
2023-10-29 01:00:00,239.10893706649048
2023-10-29 02:00:00,239.76480992831068
2023-10-29 03:00:00,239.80298963752264
2023-10-29 04:00:00,239.41846542331623
2023-10-29 05:00:00,239.14848033674576
2023-10-29 06:00:00,239.4852799144372
2023-10-29 07:00:00,239.61481821354928
2023-10-29 08:00:00,239.61072753041944
2023-10-29 09:00:00,239.4675536208745
2023-10-29 10:00:00,239.32301615028626
2023-10-29 11:00:00,239.31892546715642
2023-10-29 12:00:00,239.71708529179568
2023-10-29 13:00:00,240.67975938835505
2023-10-29 14:00:00,241.4938053311963
2023-10-29 15:00:00,241.33699581121851
2023-10-29 16:00:00,241.24291009923184
2023-10-29 17:00:00,241.3110881513961
2023-10-29 18:00:00,241.37244839834392
2023-10-29 19:00:00,241.47198835450374
2023-10-29 20:00:00,241.31381527348267
2023-10-29 21:00:00,240.89929271632397
2023-10-29 22:00:00,240.59794572575794
2023-10-29 23:00:00,239.39801200766695
2023-10-30 00:00:00,238.52396937892112
2023-10-30 01:00:00,238.41897517858817
2023-10-30 02:00:00,238.7585018783662
2023-10-30 03:00:00,239.5207325015626
2023-10-30 04:00:00,240.63203475184005
2023-10-30 05:00:00,241.43244508424849
2023-10-30 06:00:00,241.3751755204305
2023-10-30 07:00:00,242.51238543053034
2023-10-30 08:00:00,243.854129497123
2023-10-30 09:00:00,244.14593156038603
2023-10-30 10:00:00,244.93134272131832
2023-10-30 11:00:00,245.4304060631607
2023-10-30 12:00:00,245.74538866415958
2023-10-30 13:00:00,245.8994710620508
2023-10-30 14:00:00,246.00446526238377
2023-10-30 15:00:00,246.1026416575003
2023-10-30 16:00:00,246.158547660275
2023-10-30 17:00:00,246.2226350293094
2023-10-30 18:00:00,246.2403613228721
2023-10-30 19:00:00,246.1762739538377
2023-10-30 20:00:00,246.06991619246145
2023-10-30 21:00:00,245.97719404151806
2023-10-30 22:00:00,245.8544735476224
2023-10-30 23:00:00,245.65812075738933
2023-10-31 00:00:00,245.4563137229831
2023-10-31 01:00:00,245.35950088890988
2023-10-31 02:00:00,245.47131289445926
2023-10-31 03:00:00,245.64448514695647
2023-10-31 04:00:00,245.65539363530274
2023-10-31 05:00:00,245.66493856260576
2023-10-31 06:00:00,245.6990275886879
2023-10-31 07:00:00,245.8176573994537
2023-10-31 08:00:00,245.9471956985658
2023-10-31 09:00:00,246.01810087281663
2023-10-31 10:00:00,245.78220481232827
2023-10-31 11:00:00,245.96901267525834
2023-10-31 12:00:00,246.17354683175114
2023-10-31 13:00:00,246.2321799566124
2023-10-31 14:00:00,246.11764082897645
2023-10-31 15:00:00,245.86674559701197
2023-10-31 16:00:00,245.6158503650475
2023-10-31 17:00:00,245.44813235672342
2023-10-31 18:00:00,245.29268639778888
2023-10-31 19:00:00,245.19451000267236
2023-10-31 20:00:00,245.13724043885438
2023-10-31 21:00:00,245.00906570078558
2023-10-31 22:00:00,244.9790673578333
2023-10-31 23:00:00,245.006338578699
2023-11-01 00:00:00,245.06769882564683
2023-11-01 01:00:00,245.14951248824394
2023-11-01 02:00:00,245.15769385450366
2023-11-01 03:00:00,245.20269136893208
2023-11-01 04:00:00,245.18632863641264
2023-11-01 05:00:00,245.0717895087767
2023-11-01 06:00:00,244.87543671854363
2023-11-01 07:00:00,244.657266951618
2023-11-01 08:00:00,244.46636840555806
2023-11-01 09:00:00,244.2945597141041
2023-11-01 10:00:00,244.0477551652695
2023-11-01 11:00:00,243.863674424426
2023-11-01 12:00:00,243.83776676460357
2023-11-01 13:00:00,243.806404860608
2023-11-01 14:00:00,243.70959202653478
2023-11-01 15:00:00,243.62096055872124
2023-11-01 16:00:00,243.58414441055254
2023-11-01 17:00:00,243.63050548602422
2023-11-01 18:00:00,243.77367939556916
2023-11-01 19:00:00,243.8268582762573
2023-11-01 20:00:00,243.6155063145481
2023-11-01 21:00:00,243.37142888780005
2023-11-01 22:00:00,243.02235726071902
2023-11-01 23:00:00,242.52329391887665
2023-11-02 00:00:00,242.10058999545822
2023-11-02 01:00:00,241.917872815658
2023-11-02 02:00:00,241.74742768524737
2023-11-02 03:00:00,241.56471050544715
2023-11-02 04:00:00,241.26745419801097
2023-11-02 05:00:00,241.01110472187335
2023-11-02 06:00:00,240.7193026586103
2023-11-02 07:00:00,240.6279440687102
2023-11-02 08:00:00,240.74248319634617
2023-11-02 09:00:00,240.93065462031953
2023-11-02 10:00:00,240.93474530344938
2023-11-02 11:00:00,241.01110472187335
2023-11-02 12:00:00,240.95247159701208
2023-11-02 13:00:00,240.67157802209533
2023-11-02 14:00:00,240.2965987351919
2023-11-02 15:00:00,240.02661364862144
2023-11-02 16:00:00,239.93116437559146
2023-11-02 17:00:00,239.81935237004208
2023-11-02 18:00:00,239.72799378014196
2023-11-02 19:00:00,240.08251965139613
2023-11-02 20:00:00,240.84884095772242
2023-11-02 21:00:00,241.4651705492873
2023-11-02 22:00:00,242.02286701599098
2023-11-02 23:00:00,242.0842272629388
2023-11-03 00:00:00,242.09240862919853
2023-11-03 01:00:00,242.1755858528389
2023-11-03 02:00:00,242.47829640444823
2023-11-03 03:00:00,242.89827320578007
2023-11-03 04:00:00,243.1355328273117
2023-11-03 05:00:00,243.15598624296098
2023-11-03 06:00:00,243.12871502209526
2023-11-03 07:00:00,243.18598458591325
2023-11-03 08:00:00,243.21325580677896
2023-11-03 09:00:00,243.24734483286107
2023-11-03 10:00:00,243.4777866491763
2023-11-03 11:00:00,243.54596470134055
2023-11-03 12:00:00,243.44506118413744
2023-11-03 13:00:00,243.73277256427062
2023-11-03 14:00:00,244.8686189133272
2023-11-03 15:00:00,245.71266319912073
2023-11-03 16:00:00,246.12309507314959
2023-11-03 17:00:00,246.3058122529498
2023-11-03 18:00:00,246.3808081103305
2023-11-03 19:00:00,246.50625572631273
2023-11-03 20:00:00,246.69033646715621
2023-11-03 21:00:00,246.93577745494756
2023-11-03 22:00:00,247.27939483785545
2023-11-03 23:00:00,247.5957409998976
2023-11-04 00:00:00,247.55347060755577
2023-11-04 01:00:00,247.44711284617952
2023-11-04 02:00:00,247.42665943053024
2023-11-04 03:00:00,247.46892982287207
2023-11-04 04:00:00,247.53301719190648
2023-11-04 05:00:00,247.53710787503633
2023-11-04 06:00:00,247.39802464862126
2023-11-04 07:00:00,247.1280395620508
2023-11-04 08:00:00,246.97668428624613
2023-11-04 09:00:00,246.91668760034156
2023-11-04 10:00:00,246.66851949046367
2023-11-04 11:00:00,246.82123832731162
2023-11-04 12:00:00,246.91668760034156
2023-11-04 13:00:00,246.89896130677886
2023-11-04 14:00:00,246.7107898828055
2023-11-04 15:00:00,246.47625738336046
2023-11-04 16:00:00,246.36717249989763
2023-11-04 17:00:00,246.2880859593871
2023-11-04 18:00:00,246.20763585783325
2023-11-04 19:00:00,246.0303729222062
2023-11-04 20:00:00,245.97037623630163
2023-11-04 21:00:00,246.0194644338599
2023-11-04 22:00:00,246.12854931732272
2023-11-04 23:00:00,246.09855097437045
2023-11-05 00:00:00,246.05082633785545
2023-11-05 01:00:00,246.00310170134048
2023-11-05 02:00:00,245.95128638169564
2023-11-05 03:00:00,245.9649219921285
2023-11-05 04:00:00,246.27445034895425
2023-11-05 05:00:00,246.6930635892428
2023-11-05 06:00:00,246.8321468156579
2023-11-05 07:00:00,246.71624412697864
2023-11-05 08:00:00,246.52125489778885
2023-11-05 09:00:00,246.50216504318286
2023-11-05 10:00:00,246.2785410320841
2023-11-05 11:00:00,246.2035451747034
2023-11-05 12:00:00,246.11355014584657
2023-11-05 13:00:00,246.07809755872117
2023-11-05 14:00:00,246.03173648324946
2023-11-05 15:00:00,245.97173979734492
2023-11-05 16:00:00,245.93628721021952
2023-11-05 17:00:00,246.02491867803303
2023-11-05 18:00:00,246.27172322686766
2023-11-05 19:00:00,246.53216338613515
2023-11-05 20:00:00,246.74624246993093
2023-11-05 21:00:00,246.88259857425945
2023-11-05 22:00:00,246.92759608868786
2023-11-05 23:00:00,246.96713935894311
2023-11-06 00:00:00,247.08440560866566
2023-11-06 01:00:00,247.39257040444812
2023-11-06 02:00:00,247.65846480788872
2023-11-06 03:00:00,247.88481594107407
2023-11-06 04:00:00,247.94890331010848
2023-11-06 05:00:00,247.86845320855466
2023-11-06 06:00:00,247.84254554873223
2023-11-06 07:00:00,247.88072525794422
2023-11-06 08:00:00,247.9570846763682
2023-11-06 09:00:00,248.0129906791429
2023-11-06 10:00:00,248.1016221469564
2023-11-06 11:00:00,248.25434098380435
2023-11-06 12:00:00,248.31161054762234
2023-11-06 13:00:00,248.3334275243149
2023-11-06 14:00:00,248.3879699660463
2023-11-06 15:00:00,248.53796168080768
2023-11-06 16:00:00,248.83794511033042
2023-11-06 17:00:00,249.25383122853242
2023-11-06 18:00:00,249.4570018239819
2023-11-06 19:00:00,249.5756316347477
2023-11-06 20:00:00,249.62881051543584
2023-11-06 21:00:00,249.70789705594638
2023-11-06 22:00:00,249.9915177529497
2023-11-06 23:00:00,249.91243121243917
2023-11-07 00:00:00,249.59472148935373
2023-11-07 01:00:00,249.27701176626826
2023-11-07 02:00:00,249.21156083619059
2023-11-07 03:00:00,249.21428795827714
2023-11-07 04:00:00,249.0983852695979
2023-11-07 05:00:00,248.98384614196195
2023-11-07 06:00:00,248.9511206769231
2023-11-07 07:00:00,249.03838858369335
2023-11-07 08:00:00,249.1624726386323
2023-11-07 09:00:00,249.25792191166227
2023-11-07 10:00:00,249.43654840833264
2023-11-07 11:00:00,249.45563826293863
2023-11-07 12:00:00,249.3751881613848
2023-11-07 13:00:00,249.21292439723385
2023-11-07 14:00:00,248.97975545883207
2023-11-07 15:00:00,248.64159232009735
2023-11-07 16:00:00,248.20661634728938
2023-11-07 17:00:00,247.7334606652694
2023-11-07 18:00:00,247.2289430792539
2023-11-07 19:00:00,246.67942797880994
2023-11-07 20:00:00,246.2239985903527
2023-11-07 21:00:00,245.8899261347478
2023-11-07 22:00:00,245.7535700304193
2023-11-07 23:00:00,245.58994270522507
2023-11-08 00:00:00,245.51767396993094
2023-11-08 01:00:00,245.56676216748923
2023-11-08 02:00:00,245.742661542073
2023-11-08 03:00:00,245.93356008813294
2023-11-08 04:00:00,246.05218989889875
2023-11-08 05:00:00,246.16400190444813
2023-11-08 06:00:00,246.33990127903192
2023-11-08 07:00:00,246.4708031391873
2023-11-08 08:00:00,246.44216835727832
2023-11-08 09:00:00,246.31126649712294
2023-11-08 10:00:00,246.21854434617956
2023-11-08 11:00:00,246.10945946271673
2023-11-08 12:00:00,245.88447189057467
2023-11-08 13:00:00,245.5585808012295
2023-11-08 14:00:00,245.23132615084106
2023-11-08 15:00:00,245.00906570078558
2023-11-08 16:00:00,244.90952574462574
2023-11-08 17:00:00,244.77453320134052
2023-11-08 18:00:00,244.65999407370455
2023-11-08 19:00:00,244.58090753319402
2023-11-08 20:00:00,244.46500484451477
2023-11-08 21:00:00,244.32864874018625
2023-11-08 22:00:00,244.01639326127395
2023-11-08 23:00:00,243.92094398824398
2023-11-09 00:00:00,243.81458622686773
2023-11-09 01:00:00,243.7068649044482
2023-11-09 02:00:00,243.55278250655698
2023-11-09 03:00:00,243.4109721580553
2023-11-09 04:00:00,243.35915683841046
2023-11-09 05:00:00,243.38097381510303
2023-11-09 06:00:00,243.43415269579117
2023-11-09 07:00:00,243.46278747770015
2023-11-09 08:00:00,243.37006532675676
2023-11-09 09:00:00,243.26098044329393
2023-11-09 10:00:00,243.0632640920176
2023-11-09 11:00:00,242.75646285727842
2023-11-09 12:00:00,242.56965499434833
2023-11-09 13:00:00,242.82600447048594
2023-11-09 14:00:00,243.16689473130725
2023-11-09 15:00:00,243.7614073461796
2023-11-09 16:00:00,244.987248724093
2023-11-09 17:00:00,245.87629052431495
2023-11-09 18:00:00,246.15036629401527
2023-11-09 19:00:00,246.5717066563904
2023-11-09 20:00:00,247.0612250709298
2023-11-09 21:00:00,247.2739405936823
2023-11-09 22:00:00,247.5616519738155
2023-11-09 23:00:00,248.13843829512513
2023-11-10 00:00:00,248.41387762586874
2023-11-10 01:00:00,248.35660806205075
2023-11-10 02:00:00,248.23934181232823
2023-11-10 03:00:00,248.34842669579103
2023-11-10 04:00:00,248.47387431177327
2023-11-10 05:00:00,248.57886851210623
2023-11-10 06:00:00,248.53932524185097
2023-11-10 07:00:00,248.5284167535047
2023-11-10 08:00:00,248.67022710200635
2023-11-10 09:00:00,248.97430121465894
2023-11-10 10:00:00,249.22110576349357
2023-11-10 11:00:00,249.15020058924273
2023-11-10 12:00:00,248.97702833674552
2023-11-10 13:00:00,249.00839024074108
2023-11-10 14:00:00,249.12020224629046
2023-11-10 15:00:00,249.08065897603518
2023-11-10 16:00:00,248.96202916526937
2023-11-10 17:00:00,248.94430287170667
2023-11-10 18:00:00,249.12974717359347
2023-11-10 19:00:00,249.51563494884317
2023-11-10 20:00:00,249.91243121243917
2023-11-10 21:00:00,250.1946883483992
2023-11-10 22:00:00,250.4455835803637
2023-11-10 23:00:00,250.4455835803637
2023-11-11 00:00:00,250.05015087781098
2023-11-11 01:00:00,249.71198773907625
2023-11-11 02:00:00,249.33155420799966
2023-11-11 03:00:00,248.97157409257238
2023-11-11 04:00:00,248.82021881676772
2023-11-11 05:00:00,248.4902370442927
2023-11-11 06:00:00,247.93526769967562
2023-11-11 07:00:00,247.68300890666785
2023-11-11 08:00:00,247.66255549101857
2023-11-11 09:00:00,247.73891490944254
2023-11-11 10:00:00,247.5043824099975
2023-11-11 11:00:00,247.40620601488095
2023-11-11 12:00:00,247.32575591332713
2023-11-11 13:00:00,247.41711450322725
2023-11-11 14:00:00,247.659828368932
2023-11-11 15:00:00,247.93935838280547
2023-11-11 16:00:00,248.09616790278326
2023-11-11 17:00:00,248.02117204540258
2023-11-11 18:00:00,247.9557211153249
2023-11-11 19:00:00,248.01571780122944
2023-11-11 20:00:00,248.01435424018615
2023-11-11 21:00:00,248.03208053374888
2023-11-11 22:00:00,248.09616790278326
2023-11-11 23:00:00,248.42205899212843
2023-11-12 00:00:00,248.41115050378215
2023-11-12 01:00:00,248.02526272853245
2023-11-12 02:00:00,248.07435092609072
2023-11-12 03:00:00,248.085259414437
2023-11-12 04:00:00,247.87527101377108
2023-11-12 05:00:00,247.70073520023055
2023-11-12 06:00:00,247.48120187226164
2023-11-12 07:00:00,246.86214515861016
2023-11-12 08:00:00,246.00582882342707
2023-11-12 09:00:00,245.16860234284994
2023-11-12 10:00:00,244.68453817248368
2023-11-12 11:00:00,244.0477551652695
2023-11-12 12:00:00,243.53914689612412
2023-11-12 13:00:00,243.2732524926835
2023-11-12 14:00:00,243.1723489754804
2023-11-12 15:00:00,243.08508106871014
2023-11-12 16:00:00,242.97326906316076
2023-11-12 17:00:00,242.9050910109965
2023-11-12 18:00:00,242.9064545720398
2023-11-12 19:00:00,242.99508603985333
2023-11-12 20:00:00,243.09598955705644
2023-11-12 21:00:00,243.05099204262802
2023-11-12 22:00:00,243.00054028402647
2023-11-12 23:00:00,242.85327569135166
2023-11-13 00:00:00,242.75918997936498
2023-11-13 01:00:00,242.73191875849926
2023-11-13 02:00:00,242.75918997936498
2023-11-13 03:00:00,242.7005568545037
2023-11-13 04:00:00,242.50420406427065
2023-11-13 05:00:00,242.32148688447043
2023-11-13 06:00:00,242.23967322187332
2023-11-13 07:00:00,242.13740614362692
2023-11-13 08:00:00,242.04332043164024
2023-11-13 09:00:00,241.95741608591328
2023-11-13 10:00:00,242.08831794606866
2023-11-13 11:00:00,241.8456040803639
2023-11-13 12:00:00,241.59743597048598
2023-11-13 13:00:00,241.4856239649366
2023-11-13 14:00:00,241.37790264251706
2023-11-13 15:00:00,241.27699912531395
2023-11-13 16:00:00,241.33426868913193
2023-11-13 17:00:00,241.62607075239498
2023-11-13 18:00:00,241.965597452173
2023-11-13 19:00:00,242.25467239334947
2023-11-13 20:00:00,242.7101017818067
2023-11-13 21:00:00,242.79327900544712
2023-11-13 22:00:00,242.6569229011186
2023-11-13 23:00:00,242.8410036419621
2023-11-14 00:00:00,242.90781813308308
2023-11-14 01:00:00,242.86009349656808
2023-11-14 02:00:00,242.78782476127398
2023-11-14 03:00:00,242.72510095328286
2023-11-14 04:00:00,242.69782973241715
2023-11-14 05:00:00,242.67873987781115
2023-11-14 06:00:00,242.5096583084438
2023-11-14 07:00:00,242.1960392684882
2023-11-14 08:00:00,241.90832788835502
2023-11-14 09:00:00,241.66288690056368
2023-11-14 10:00:00,241.4392628894649
2023-11-14 11:00:00,241.37926620356035
2023-11-14 12:00:00,241.30290678513637
2023-11-14 13:00:00,241.16382355872128
2023-11-14 14:00:00,241.00837759978677
2023-11-14 15:00:00,240.8856571058911
2023-11-14 16:00:00,240.83520534728956
2023-11-14 17:00:00,240.9606529632718
2023-11-14 18:00:00,241.21018463419298
2023-11-14 19:00:00,241.57834611587998
2023-11-14 20:00:00,242.02695769912083
2023-11-14 21:00:00,242.6282881192096
2023-11-14 22:00:00,243.58005372742267
2023-11-14 23:00:00,244.54409138502533
2023-11-15 00:00:00,245.51767396993094
2023-11-15 01:00:00,246.39035303763347
2023-11-15 02:00:00,246.894870623649
2023-11-15 03:00:00,246.96032155372671
2023-11-15 04:00:00,246.8512366702639
2023-11-15 05:00:00,246.4448954793649
2023-11-15 06:00:00,245.95128638169564
2023-11-15 07:00:00,245.42358825794426
2023-11-15 08:00:00,244.8222578378555
2023-11-15 09:00:00,243.99048560145152
2023-11-15 10:00:00,242.59965333730062
2023-11-15 11:00:00,241.587891043183
2023-11-15 12:00:00,240.79293495494773
2023-11-15 13:00:00,240.47522523186225
2023-11-15 14:00:00,240.29250805206203
2023-11-15 15:00:00,240.0920645786991
2023-11-15 16:00:00,239.8548049571675
2023-11-15 17:00:00,239.56163933286118
2023-11-15 18:00:00,239.3475602490654
2023-11-15 19:00:00,238.95485466859927
2023-11-15 20:00:00,238.58805674795553
2023-11-15 21:00:00,238.36579629790003
2023-11-15 22:00:00,238.49124391388227
2023-11-15 23:00:00,238.38488615250606
2023-11-16 00:00:00,238.30852673408208
2023-11-16 01:00:00,238.15717145827742
2023-11-16 02:00:00,238.02081535394888
2023-11-16 03:00:00,238.01672467081903
2023-11-16 04:00:00,238.04672301377133
2023-11-16 05:00:00,238.0099068656026
2023-11-16 06:00:00,237.91173047048608
2023-11-16 07:00:00,237.88036856649052
2023-11-16 08:00:00,237.92263895883235
2023-11-16 09:00:00,237.91309403152937
2023-11-16 10:00:00,238.16262570245055
2023-11-16 11:00:00,238.15717145827742
2023-11-16 12:00:00,238.3071631730388
2023-11-16 13:00:00,238.73395777958706
2023-11-16 14:00:00,239.76753705039724
2023-11-16 15:00:00,241.36290347104094
2023-11-16 16:00:00,243.0073580892429
2023-11-16 17:00:00,244.41318952486995
2023-11-16 18:00:00,245.54358162975336
2023-11-16 19:00:00,245.76038783563573
2023-11-16 20:00:00,245.50131123741153
2023-11-16 21:00:00,245.30768556926503
2023-11-16 22:00:00,245.58039777792206
2023-11-16 23:00:00,245.73175305372672
2023-11-17 00:00:00,245.99355677403747
2023-11-17 01:00:00,246.22672571243925
2023-11-17 02:00:00,246.11764082897645
2023-11-17 03:00:00,245.88447189057467
2023-11-17 04:00:00,245.81356671632383
2023-11-17 05:00:00,245.97173979734492
2023-11-17 06:00:00,245.87629052431495
2023-11-17 07:00:00,245.46040440611296
2023-11-17 08:00:00,245.2190541014515
2023-11-17 09:00:00,244.91225286671232
2023-11-17 10:00:00,244.1213874616069
2023-11-17 11:00:00,243.4586967945703
2023-11-17 12:00:00,242.64874153485889
2023-11-17 13:00:00,242.18513078014192
2023-11-17 14:00:00,241.86742105705645
2023-11-17 15:00:00,241.52925791832172
2023-11-17 16:00:00,241.29881610200653
2023-11-17 17:00:00,241.45562562198432
2023-11-17 18:00:00,241.63425211865467
2023-11-17 19:00:00,241.9669610132163
2023-11-17 20:00:00,242.1114984838045
2023-11-17 21:00:00,242.29012498047487
2023-11-17 22:00:00,242.2151291230942
2023-11-17 23:00:00,242.59828977625733
2023-11-18 00:00:00,242.8205502263128
2023-11-18 01:00:00,243.09462599601315
2023-11-18 02:00:00,243.45460611144043
2023-11-18 03:00:00,243.83776676460357
2023-11-18 04:00:00,244.0668450198755
2023-11-18 05:00:00,244.49636674851033
2023-11-18 06:00:00,244.87952740167347
2023-11-18 07:00:00,245.1536031713738
2023-11-18 08:00:00,245.60357831565793
2023-11-18 09:00:00,246.12309507314959
2023-11-18 10:00:00,246.15445697714514
2023-11-18 11:00:00,245.84901930344927
2023-11-18 12:00:00,245.94855925960908
2023-11-18 13:00:00,246.3698996219842
2023-11-18 14:00:00,247.21258034673446
2023-11-18 15:00:00,248.14252897825497
2023-11-18 16:00:00,248.53250743663455
2023-11-18 17:00:00,248.91975877292754
2023-11-18 18:00:00,249.00293599656794
2023-11-18 19:00:00,249.11474800211732
2023-11-18 20:00:00,249.49381797215062
2023-11-18 21:00:00,249.82107262253905
2023-11-18 22:00:00,250.370587722983
2023-11-18 23:00:00,250.9787359482882
2023-11-19 00:00:00,251.4123483600529
2023-11-19 01:00:00,251.64551729845465
2023-11-19 02:00:00,251.94413716693413
2023-11-19 03:00:00,252.1104916142149
2023-11-19 04:00:00,251.97140838779984
2023-11-19 05:00:00,251.69460549601294
2023-11-19 06:00:00,251.51052475516943
2023-11-19 07:00:00,251.59233841776654
2023-11-19 08:00:00,251.67142495827707
2023-11-19 09:00:00,251.63597237115167
2023-11-19 10:00:00,251.44371026404846
2023-11-19 11:00:00,251.44098314196188
2023-11-19 12:00:00,251.40825767692303
2023-11-19 13:00:00,251.4314382146589
2023-11-19 14:00:00,251.49279846160672
2023-11-19 15:00:00,251.522796804559
2023-11-19 16:00:00,251.59233841776654
2023-11-19 17:00:00,251.6782427634935
2023-11-19 18:00:00,251.6332452490651
2023-11-19 19:00:00,251.44643738613502
2023-11-19 20:00:00,251.24326679068554
2023-11-19 21:00:00,251.13963615139585
2023-11-19 22:00:00,251.01146141332705
2023-11-19 23:00:00,250.92146638447022
2023-11-20 00:00:00,250.86692394273882
2023-11-20 01:00:00,250.88192311421494
2023-11-20 02:00:00,250.95555541055234
2023-11-20 03:00:00,251.00873429124047
2023-11-20 04:00:00,251.16418025017498
2023-11-20 05:00:00,251.2555388400751
2023-11-20 06:00:00,250.8791959921284
2023-11-20 07:00:00,250.49330821687866
2023-11-20 08:00:00,250.23014093552462
2023-11-20 09:00:00,249.91515833452573
2023-11-20 10:00:00,249.31791859756683
2023-11-20 11:00:00,248.91975877292754
2023-11-20 12:00:00,248.4997819715957
2023-11-20 13:00:00,248.1670730770341
2023-11-20 14:00:00,248.0838958533937
2023-11-20 15:00:00,247.83300062142922
2023-11-20 16:00:00,247.13622092831048
2023-11-20 17:00:00,245.79174973963129
2023-11-20 18:00:00,244.39273610922066
2023-11-20 19:00:00,243.96048725849926
2023-11-20 20:00:00,244.50318455372675
2023-11-20 21:00:00,244.3518292779221
2023-11-20 22:00:00,244.93816052653474
2023-11-20 23:00:00,244.958613942184
2023-11-21 00:00:00,245.15223961033053
2023-11-21 01:00:00,247.3830254771451
2023-11-21 02:00:00,248.99202750822167
2023-11-21 03:00:00,250.54103285339366
2023-11-21 04:00:00,252.03685931787751
2023-11-21 05:00:00,251.00055292498075
2023-11-21 06:00:00,249.935611750175
2023-11-21 07:00:00,249.17883537115173
2023-11-21 08:00:00,248.43842172464787
2023-11-21 09:00:00,247.67346397936487
2023-11-21 10:00:00,247.44302216304965
2023-11-21 11:00:00,247.98571945827717
2023-11-21 12:00:00,248.26252235006407
2023-11-21 13:00:00,248.21616127459237
2023-11-21 14:00:00,248.51341758202855
2023-11-21 15:00:00,249.45427470189534
2023-11-21 16:00:00,249.8265268667122
2023-11-21 17:00:00,250.16196288336036
2023-11-21 18:00:00,250.02424321798856
2023-11-21 19:00:00,249.28110244939813
2023-11-21 20:00:00,248.29524781510293
2023-11-21 21:00:00,247.5139273373005
2023-11-21 22:00:00,247.65437412475887
2023-11-21 23:00:00,247.659828368932
2023-11-22 00:00:00,247.42529586948694
2023-11-22 01:00:00,247.14985653874334
2023-11-22 02:00:00,246.72578905428165
2023-11-22 03:00:00,246.27990459312738
2023-11-22 04:00:00,245.96083130899865
2023-11-22 05:00:00,245.63630378069678
2023-11-22 06:00:00,245.2163269793649
2023-11-22 07:00:00,244.75135266360468
2023-11-22 08:00:00,244.18002058646817
2023-11-22 09:00:00,243.65504958480335
2023-11-22 10:00:00,243.36461108258362
2023-11-22 11:00:00,242.87918335117408
2023-11-22 12:00:00,242.34466742220627
2023-11-22 13:00:00,241.96287033008642
2023-11-22 14:00:00,241.73379207481452
2023-11-22 15:00:00,241.59198172631284
2023-11-22 16:00:00,241.5128951858023
2023-11-22 17:00:00,241.38199332564693
2023-11-22 18:00:00,241.18700409645714
2023-11-22 19:00:00,240.9797428178778
2023-11-22 20:00:00,240.77657222242829
2023-11-22 21:00:00,240.51204138003095
2023-11-22 22:00:00,240.1479705814738
2023-11-22 23:00:00,239.89162110533618
2023-11-23 00:00:00,239.63936231232844
2023-11-23 01:00:00,239.47028074296105
2023-11-23 02:00:00,239.3748314699311
2023-11-23 03:00:00,239.35846873741167
2023-11-23 04:00:00,239.45255444939835
2023-11-23 05:00:00,239.61072753041944
2023-11-23 06:00:00,239.92298300933174
2023-11-23 07:00:00,240.39750225239501
2023-11-23 08:00:00,240.8392960304194
2023-11-23 09:00:00,241.30427034617966
2023-11-23 10:00:00,242.08150014085223
2023-11-23 11:00:00,242.83282227570237
2023-11-23 12:00:00,243.68095724462577
2023-11-23 13:00:00,244.2618342490653
2023-11-23 14:00:00,244.68181105039713
2023-11-23 15:00:00,245.25041600544705
2023-11-23 16:00:00,246.01537375073005
2023-11-23 17:00:00,246.69033646715621
2023-11-23 18:00:00,247.21939815195088
2023-11-23 19:00:00,247.69119027292757
2023-11-23 20:00:00,248.20661634728938
2023-11-23 21:00:00,248.7561314477333
2023-11-23 22:00:00,249.33700845217282
2023-11-23 23:00:00,249.60972066082985
2023-11-24 00:00:00,249.77334798602408
2023-11-24 01:00:00,249.7719844249808
2023-11-24 02:00:00,249.90834052930933
2023-11-24 03:00:00,250.40058606593527
2023-11-24 04:00:00,250.8791959921284
2023-11-24 05:00:00,251.16281668913172
2023-11-24 06:00:00,251.4028034327499
2023-11-24 07:00:00,251.82005311199518
2023-11-24 08:00:00,251.99731604762223
2023-11-24 09:00:00,251.6427901763681
2023-11-24 10:00:00,251.21190488668998
2023-11-24 11:00:00,250.1660535664902
2023-11-24 12:00:00,248.37569791665675
2023-11-24 13:00:00,246.1121865848033
2023-11-24 14:00:00,245.2558702496202
2023-11-24 15:00:00,245.1645116597201
2023-11-24 16:00:00,245.03906404373785
2023-11-24 17:00:00,244.4445514288655
2023-11-24 18:00:00,243.97275930788882
2023-11-24 19:00:00,243.8991270115514
2023-11-24 20:00:00,244.01502970023066
2023-11-24 21:00:00,243.85276593607972
2023-11-24 22:00:00,243.5486918234271
2023-11-24 23:00:00,243.04962848158473
2023-11-25 00:00:00,242.32830468968686
2023-11-25 01:00:00,241.57152831066355
2023-11-25 02:00:00,241.08746414029733
2023-11-25 03:00:00,240.8215697368567
2023-11-25 04:00:00,240.75202812364915
2023-11-25 05:00:00,240.96338008535835
2023-11-25 06:00:00,241.2170024394094
2023-11-25 07:00:00,240.92929105927624
2023-11-25 08:00:00,240.31841571188446
2023-11-25 09:00:00,239.59709191998658
2023-11-25 10:00:00,238.66032548324966
2023-11-25 11:00:00,238.58942030899883
2023-11-25 12:00:00,239.19484141221744
2023-11-25 13:00:00,239.69935899823298
2023-11-25 14:00:00,239.77708197770022
2023-11-25 15:00:00,239.77299129457037
2023-11-25 16:00:00,240.19160453485893
2023-11-25 17:00:00,241.42153659590218
2023-11-25 18:00:00,242.17013160866577
2023-11-25 19:00:00,242.295579224648
2023-11-25 20:00:00,242.38148357037497
2023-11-25 21:00:00,242.04332043164024
2023-11-25 22:00:00,241.63016143552483
2023-11-25 23:00:00,241.0970090676003
2023-11-26 00:00:00,240.5256769904638
2023-11-26 01:00:00,240.15615194773352
2023-11-26 02:00:00,240.25432834285004
2023-11-26 03:00:00,240.77929934451487
2023-11-26 04:00:00,241.2279109277557
2023-11-26 05:00:00,241.16791424185115
2023-11-26 06:00:00,240.8774757396314
2023-11-26 07:00:00,240.6102177751475
2023-11-26 08:00:00,240.43022771743384
2023-11-26 09:00:00,240.37568527570244
2023-11-26 10:00:00,240.31296146771132
2023-11-26 11:00:00,240.27614531954262
2023-11-26 12:00:00,239.95298135228404
2023-11-26 13:00:00,239.35574161532512
2023-11-26 14:00:00,238.82804349157374
2023-11-26 15:00:00,238.56078552708982
2023-11-26 16:00:00,238.4257929838046
2023-11-26 17:00:00,238.70532299767808
2023-11-26 18:00:00,239.4498273273118
2023-11-26 19:00:00,239.79208114917637
2023-11-26 20:00:00,239.9543449133273
2023-11-26 21:00:00,240.15478838669023
2023-11-26 22:00:00,240.2338749272008
2023-11-26 23:00:00,239.9925246225393
2023-11-27 00:00:00,239.93252793663476
2023-11-27 01:00:00,240.1397892152141
2023-11-27 02:00:00,242.18376721909863
2023-11-27 03:00:00,243.89503632842155
2023-11-27 04:00:00,244.75544334673452
2023-11-27 05:00:00,245.91992447770008
2023-11-27 06:00:00,246.4339869910186
2023-11-27 07:00:00,246.2594511774781
2023-11-27 08:00:00,246.14354848879887
2023-11-27 09:00:00,246.30717581399307
2023-11-27 10:00:00,246.66442880733382
2023-11-27 11:00:00,246.83351037670118
2023-11-27 12:00:00,246.95759443164013
2023-11-27 13:00:00,247.00804619024169
2023-11-27 14:00:00,246.93032321077442
2023-11-27 15:00:00,246.76805944662348
2023-11-27 16:00:00,246.6003414382994
2023-11-27 17:00:00,246.49398367692316
2023-11-27 18:00:00,246.76805944662348
2023-11-27 19:00:00,247.4375679188765
2023-11-27 20:00:00,247.3557542562794
2023-11-27 21:00:00,247.0066826291984
2023-11-27 22:00:00,246.5730702174337
2023-11-27 23:00:00,246.23627063974226
2023-11-28 00:00:00,245.98128472464794
2023-11-28 01:00:00,245.72357168746703
2023-11-28 02:00:00,245.50267479845482
2023-11-28 03:00:00,245.20950917414848
2023-11-28 04:00:00,244.92861559923173
2023-11-28 05:00:00,244.6913559777001
2023-11-28 06:00:00,244.77726032342707
2023-11-28 07:00:00,245.0813344360797
2023-11-28 08:00:00,245.60085119357134
2023-11-28 09:00:00,246.0835518028943
2023-11-28 10:00:00,246.44216835727832
2023-11-28 11:00:00,246.45853108979773
2023-11-28 12:00:00,246.49262011587987
2023-11-28 13:00:00,246.4612582118843
2023-11-28 14:00:00,246.33717415694537
2023-11-28 15:00:00,246.0658255093316
2023-11-28 16:00:00,245.70039114973116
2023-11-28 17:00:00,245.36631869412628
2023-11-28 18:00:00,245.01451994495872
2023-11-28 19:00:00,244.6109058761463
2023-11-28 20:00:00,244.21547317359358
2023-11-28 21:00:00,243.88958208424842
2023-11-28 22:00:00,243.76549802930947
2023-11-28 23:00:00,243.60050714307195
2023-11-29 00:00:00,243.40551791388216
2023-11-29 01:00:00,243.16553117026396
2023-11-29 02:00:00,242.72646451432612
2023-11-29 03:00:00,242.09240862919853
2023-11-29 04:00:00,241.4651705492873
2023-11-29 05:00:00,241.01110472187335
2023-11-29 06:00:00,240.72748402487002
2023-11-29 07:00:00,240.58840079845493
2023-11-29 08:00:00,240.47386167081896
2023-11-29 09:00:00,240.32932420023076
2023-11-29 10:00:00,240.2597825870232
2023-11-29 11:00:00,240.13569853208423
2023-11-29 12:00:00,239.94070930289445
2023-11-29 13:00:00,239.59163767581344
2023-11-29 14:00:00,239.29847205150713
2023-11-29 15:00:00,239.0980285781442
2023-11-29 16:00:00,238.95621822964253
2023-11-29 17:00:00,238.9507639854694
2023-11-29 18:00:00,238.96167247381567
2023-11-29 19:00:00,238.9793987673784
2023-11-29 20:00:00,239.0243962818068
2023-11-29 21:00:00,239.07893872353822
2023-11-29 22:00:00,239.2943813683773
2023-11-29 23:00:00,239.26711014751157
2023-11-30 00:00:00,239.15666170300545
2023-11-30 01:00:00,239.0721209183218
2023-11-30 02:00:00,239.0530310637158
2023-11-30 03:00:00,239.1539345809189
2023-11-30 04:00:00,239.40482981288338
2023-11-30 05:00:00,239.57936562642388
2023-11-30 06:00:00,239.79071758813308
2023-11-30 07:00:00,239.96116271854373
2023-11-30 08:00:00,240.019795843405
2023-11-30 09:00:00,239.97752545106317
2023-11-30 10:00:00,240.03343145383786
2023-11-30 11:00:00,239.94343642498103
2023-11-30 12:00:00,239.88480330011976
2023-11-30 13:00:00,239.8548049571675
2023-11-30 14:00:00,239.84116934673463
2023-11-30 15:00:00,239.7811726608301
2023-11-30 16:00:00,239.66254285006428
2023-11-30 17:00:00,239.57118426016416
2023-11-30 18:00:00,239.59436479790003
2023-11-30 19:00:00,239.54800372242832
2023-11-30 20:00:00,239.36937722575794
2023-11-30 21:00:00,239.31483478402654
2023-11-30 22:00:00,239.43210103374906
2023-11-30 23:00:00,239.32574327237285
2023-12-01 00:00:00,239.1702973134383
2023-12-01 01:00:00,239.0134877934605
2023-12-01 02:00:00,238.877131689132
2023-12-01 03:00:00,238.81440788114088
2023-12-01 04:00:00,238.80077227070802
2023-12-01 05:00:00,238.81713500322746
2023-12-01 06:00:00,238.82940705261703
2023-12-01 07:00:00,238.85122402930958
2023-12-01 08:00:00,238.90576647104098
2023-12-01 09:00:00,238.98485301155154
2023-12-01 10:00:00,239.09530145605763
2023-12-01 11:00:00,239.09121077292778
2023-12-01 12:00:00,239.16757019135176
2023-12-01 13:00:00,239.235748243516
2023-12-01 14:00:00,239.26847370855486
2023-12-01 15:00:00,239.3093805398534
2023-12-01 16:00:00,239.35983229845496
2023-12-01 17:00:00,239.39801200766695
2023-12-01 18:00:00,239.41710186227294
2023-12-01 19:00:00,239.41437474018636
2023-12-01 20:00:00,239.3748314699311
2023-12-01 21:00:00,239.3107441008967
2023-12-01 22:00:00,239.47164430400434
2023-12-01 23:00:00,239.47573498713422
2023-12-02 00:00:00,239.5016426469566
2023-12-02 01:00:00,239.5234596236492
2023-12-02 02:00:00,239.52755030677903
2023-12-02 03:00:00,239.61072753041944
2023-12-02 04:00:00,239.68981407092997
2023-12-02 05:00:00,239.66254285006428
2023-12-02 06:00:00,239.55209440555817
2023-12-02 07:00:00,239.44028240000878
2023-12-02 08:00:00,239.3666501036714
2023-12-02 09:00:00,239.32437971132956
2023-12-02 10:00:00,239.34346956593555
2023-12-02 11:00:00,239.49346128069692
2023-12-02 12:00:00,239.68299626571354
2023-12-02 13:00:00,239.77435485561367
2023-12-02 14:00:00,239.87798549490333
2023-12-02 15:00:00,240.01843228236172
2023-12-02 16:00:00,240.17933248546936
2023-12-02 17:00:00,240.26114614806647
2023-12-02 18:00:00,240.27478175849933
2023-12-02 19:00:00,240.28023600267247
2023-12-02 20:00:00,240.29932585727846
2023-12-02 21:00:00,240.32796063918747
2023-12-02 22:00:00,240.48340659812197
2023-12-02 23:00:00,240.3415962496203
2023-12-03 00:00:00,240.42340991221744
2023-12-03 01:00:00,240.69612212087446
2023-12-03 02:00:00,240.93474530344938
2023-12-03 03:00:00,241.1515515093317
2023-12-03 04:00:00,241.32199663974237
2023-12-03 05:00:00,241.49107820910973
2023-12-03 06:00:00,241.62061650822184
2023-12-03 07:00:00,241.7051572929055
2023-12-03 08:00:00,241.67379538890995
2023-12-03 09:00:00,241.59061816526958
2023-12-03 10:00:00,241.59334528735613
2023-12-03 11:00:00,241.898782961052
2023-12-03 12:00:00,242.14831463197322
2023-12-03 13:00:00,242.3705750820287
2023-12-03 14:00:00,242.55192870078562
2023-12-03 15:00:00,242.67055851155143
2023-12-03 16:00:00,242.70464753763358
2023-12-03 17:00:00,242.68964836615743
2023-12-03 18:00:00,242.67873987781115
2023-12-03 19:00:00,242.71964670910972
2023-12-03 20:00:00,242.75782641832168
2023-12-03 21:00:00,242.7850976391874
2023-12-03 22:00:00,242.81782310422625
2023-12-03 23:00:00,242.81509598213967
2023-12-04 00:00:00,242.76328066249482
2023-12-04 01:00:00,242.7005568545037
2023-12-04 02:00:00,242.64192372964246
2023-12-04 03:00:00,242.5178396747035
2023-12-04 04:00:00,242.2587630764793
2023-12-04 05:00:00,242.06922809146266
2023-12-04 06:00:00,241.917872815658
2023-12-04 07:00:00,241.95877964695657
2023-12-04 08:00:00,242.6569229011186
2023-12-04 09:00:00,244.01639326127395
2023-12-04 10:00:00,244.56999904484775
2023-12-04 11:00:00,244.96134106427058
2023-12-04 12:00:00,245.36495513308301
2023-12-04 13:00:00,245.5490358739265
2023-12-04 14:00:00,245.5763070947922
2023-12-04 15:00:00,246.03991784950918
2023-12-04 16:00:00,246.574433778477
2023-12-04 17:00:00,246.8321468156579
2023-12-04 18:00:00,246.8144205220952
2023-12-04 19:00:00,246.6753372956801
2023-12-04 20:00:00,246.56216172908742
2023-12-04 21:00:00,246.64533895272783
2023-12-04 22:00:00,246.98350209146255
2023-12-04 23:00:00,247.30939318080772
2023-12-05 00:00:00,247.85890828125164
2023-12-05 01:00:00,248.46569294551358
2023-12-05 02:00:00,248.76703993607958
2023-12-05 03:00:00,248.9688469704858
2023-12-05 04:00:00,249.2074701530607
2023-12-05 05:00:00,249.61108422187314
2023-12-05 06:00:00,249.98742706981986
2023-12-05 07:00:00,250.12651029623495
2023-12-05 08:00:00,250.12514673519166
2023-12-05 09:00:00,250.16196288336036
2023-12-05 10:00:00,250.65011773685646
2023-12-05 11:00:00,251.23099474129597
2023-12-05 12:00:00,252.3695682124391
2023-12-05 13:00:00,252.2154858145479
2023-12-05 14:00:00,253.07316571077428
2023-12-05 15:00:00,253.0977098095534
2023-12-05 16:00:00,252.31366220966441
2023-12-05 17:00:00,252.39138518913168
2023-12-05 18:00:00,252.00958809701183
2023-12-05 19:00:00,251.13009122409287
2023-12-05 20:00:00,250.17832561587977
2023-12-05 21:00:00,249.60972066082985
2023-12-05 22:00:00,249.1352014177666
2023-12-05 23:00:00,248.40978694273886
2023-12-06 00:00:00,247.4593848955691
2023-12-06 01:00:00,246.30717581399307
2023-12-06 02:00:00,245.1072420959021
2023-12-06 03:00:00,244.34773859479225
2023-12-06 04:00:00,244.04502804318292
2023-12-06 05:00:00,243.9277617934604
2023-12-06 06:00:00,243.94276096493655
2023-12-06 07:00:00,243.95912369745596
2023-12-06 08:00:00,243.84185744773345
2023-12-06 09:00:00,243.7900421280886
2023-12-06 10:00:00,243.87049222964242
2023-12-06 11:00:00,243.8282218373006
2023-12-06 12:00:00,243.7518624188766
2023-12-06 13:00:00,243.68095724462577
2023-12-06 14:00:00,243.60868850933167
2023-12-06 15:00:00,243.52005704151813
2023-12-06 16:00:00,243.43551625683443
2023-12-06 17:00:00,243.4300620126613
2023-12-06 18:00:00,243.3946094255359
2023-12-06 19:00:00,243.36052039945375
2023-12-06 20:00:00,243.34415766693434
2023-12-06 21:00:00,243.26507112642378
2023-12-06 22:00:00,243.3373398617179
